{
  "round": 20,
  "selected_clients": [
    1,
    4,
    7
  ],
  "mean_client_loss": 1.1538929304728907,
  "mean_client_update_norm": 1.3799710798426899,
  "aggregated_update_norm": 1.364428754204966,
  "cancellation_ratio": 0.9886336077537734,
  "mean_client_global_cosine": 0.9884827231470724,
  "mean_pairwise_client_cosine": 0.9658464047027412,
  "mean_client_global_basis_overlap": 0.9903671397783378,
  "eval_loss": 1.1564222788959742,
  "eval_accuracy": 0.539
}